"ANO","MÊS","VALOR","TYPE","LAT","LONG"
"1998","JANEIRO","0","Amazônia","0","0"
"1998","FEVEREIRO","0","Amazônia","0","0"
"1998","MARÇO","0","Amazônia","0","0"
"1998","ABRIL","0","Amazônia","0","0"
"1998","MAIO","0","Amazônia","0","0"
"1998","JUNHO","1549","Amazônia","0","0"
"1998","JULHO","3192","Amazônia","0","0"
"1998","AGOSTO","20075","Amazônia","0","0"
"1998","SETEMBRO","19214","Amazônia","0","0"
"1998","OUTUBRO","8777","Amazônia","0","0"
"1998","NOVEMBRO","3833","Amazônia","0","0"
"1998","DEZEMBRO","2547","Amazônia","0","0"
"1999","JANEIRO","160","Amazônia","0","0"
"1999","FEVEREIRO","358","Amazônia","0","0"
"1999","MARÇO","130","Amazônia","0","0"
"1999","ABRIL","70","Amazônia","0","0"
"1999","MAIO","449","Amazônia","0","0"
"1999","JUNHO","1439","Amazônia","0","0"
"1999","JULHO","3675","Amazônia","0","0"
"1999","AGOSTO","21525","Amazônia","0","0"
"1999","SETEMBRO","16106","Amazônia","0","0"
"1999","OUTUBRO","12794","Amazônia","0","0"
"1999","NOVEMBRO","4449","Amazônia","0","0"
"1999","DEZEMBRO","1703","Amazônia","0","0"
"2000","JANEIRO","87","Amazônia","0","0"
"2000","FEVEREIRO","182","Amazônia","0","0"
"2000","MARÇO","405","Amazônia","0","0"
"2000","ABRIL","92","Amazônia","0","0"
"2000","MAIO","930","Amazônia","0","0"
"2000","JUNHO","3211","Amazônia","0","0"
"2000","JULHO","1510","Amazônia","0","0"
"2000","AGOSTO","12791","Amazônia","0","0"
"2000","SETEMBRO","10062","Amazônia","0","0"
"2000","OUTUBRO","10226","Amazônia","0","0"
"2000","NOVEMBRO","5497","Amazônia","0","0"
"2000","DEZEMBRO","3175","Amazônia","0","0"
"2001","JANEIRO","165","Amazônia","0","0"
"2001","FEVEREIRO","699","Amazônia","0","0"
"2001","MARÇO","1134","Amazônia","0","0"
"2001","ABRIL","617","Amazônia","0","0"
"2001","MAIO","916","Amazônia","0","0"
"2001","JUNHO","4227","Amazônia","0","0"
"2001","JULHO","1816","Amazônia","0","0"
"2001","AGOSTO","17679","Amazônia","0","0"
"2001","SETEMBRO","15528","Amazônia","0","0"
"2001","OUTUBRO","14292","Amazônia","0","0"
"2001","NOVEMBRO","8346","Amazônia","0","0"
"2001","DEZEMBRO","4256","Amazônia","0","0"
"2002","JANEIRO","590","Amazônia","0","0"
"2002","FEVEREIRO","667","Amazônia","0","0"
"2002","MARÇO","901","Amazônia","0","0"
"2002","ABRIL","405","Amazônia","0","0"
"2002","MAIO","1490","Amazônia","0","0"
"2002","JUNHO","5702","Amazônia","0","0"
"2002","JULHO","7529","Amazônia","0","0"
"2002","AGOSTO","43484","Amazônia","0","0"
"2002","SETEMBRO","48549","Amazônia","0","0"
"2002","OUTUBRO","27110","Amazônia","0","0"
"2002","NOVEMBRO","23660","Amazônia","0","0"
"2002","DEZEMBRO","9174","Amazônia","0","0"
"2003","JANEIRO","3704","Amazônia","0","0"
"2003","FEVEREIRO","1573","Amazônia","0","0"
"2003","MARÇO","1997","Amazônia","0","0"
"2003","ABRIL","1038","Amazônia","0","0"
"2003","MAIO","1983","Amazônia","0","0"
"2003","JUNHO","6848","Amazônia","0","0"
"2003","JULHO","15918","Amazônia","0","0"
"2003","AGOSTO","34765","Amazônia","0","0"
"2003","SETEMBRO","47789","Amazônia","0","0"
"2003","OUTUBRO","25341","Amazônia","0","0"
"2003","NOVEMBRO","19631","Amazônia","0","0"
"2003","DEZEMBRO","13813","Amazônia","0","0"
"2004","JANEIRO","2178","Amazônia","0","0"
"2004","FEVEREIRO","805","Amazônia","0","0"
"2004","MARÇO","1035","Amazônia","0","0"
"2004","ABRIL","1012","Amazônia","0","0"
"2004","MAIO","3131","Amazônia","0","0"
"2004","JUNHO","9179","Amazônia","0","0"
"2004","JULHO","19179","Amazônia","0","0"
"2004","AGOSTO","43320","Amazônia","0","0"
"2004","SETEMBRO","71522","Amazônia","0","0"
"2004","OUTUBRO","23928","Amazônia","0","0"
"2004","NOVEMBRO","26424","Amazônia","0","0"
"2004","DEZEMBRO","16924","Amazônia","0","0"
"2005","JANEIRO","4314","Amazônia","0","0"
"2005","FEVEREIRO","1048","Amazônia","0","0"
"2005","MARÇO","758","Amazônia","0","0"
"2005","ABRIL","832","Amazônia","0","0"
"2005","MAIO","1746","Amazônia","0","0"
"2005","JUNHO","2954","Amazônia","0","0"
"2005","JULHO","19364","Amazônia","0","0"
"2005","AGOSTO","63764","Amazônia","0","0"
"2005","SETEMBRO","68560","Amazônia","0","0"
"2005","OUTUBRO","26624","Amazônia","0","0"
"2005","NOVEMBRO","16790","Amazônia","0","0"
"2005","DEZEMBRO","6966","Amazônia","0","0"
"2006","JANEIRO","1973","Amazônia","0","0"
"2006","FEVEREIRO","879","Amazônia","0","0"
"2006","MARÇO","903","Amazônia","0","0"
"2006","ABRIL","709","Amazônia","0","0"
"2006","MAIO","843","Amazônia","0","0"
"2006","JUNHO","2522","Amazônia","0","0"
"2006","JULHO","6995","Amazônia","0","0"
"2006","AGOSTO","34208","Amazônia","0","0"
"2006","SETEMBRO","51028","Amazônia","0","0"
"2006","OUTUBRO","18309","Amazônia","0","0"
"2006","NOVEMBRO","17474","Amazônia","0","0"
"2006","DEZEMBRO","8579","Amazônia","0","0"
"2007","JANEIRO","1918","Amazônia","0","0"
"2007","FEVEREIRO","1761","Amazônia","0","0"
"2007","MARÇO","1431","Amazônia","0","0"
"2007","ABRIL","760","Amazônia","0","0"
"2007","MAIO","1176","Amazônia","0","0"
"2007","JUNHO","3519","Amazônia","0","0"
"2007","JULHO","6196","Amazônia","0","0"
"2007","AGOSTO","46385","Amazônia","0","0"
"2007","SETEMBRO","73141","Amazônia","0","0"
"2007","OUTUBRO","28731","Amazônia","0","0"
"2007","NOVEMBRO","16025","Amazônia","0","0"
"2007","DEZEMBRO","5437","Amazônia","0","0"
"2008","JANEIRO","938","Amazônia","0","0"
"2008","FEVEREIRO","527","Amazônia","0","0"
"2008","MARÇO","860","Amazônia","0","0"
"2008","ABRIL","569","Amazônia","0","0"
"2008","MAIO","383","Amazônia","0","0"
"2008","JUNHO","1248","Amazônia","0","0"
"2008","JULHO","5901","Amazônia","0","0"
"2008","AGOSTO","21445","Amazônia","0","0"
"2008","SETEMBRO","26469","Amazônia","0","0"
"2008","OUTUBRO","23518","Amazônia","0","0"
"2008","NOVEMBRO","15450","Amazônia","0","0"
"2008","DEZEMBRO","6145","Amazônia","0","0"
"2009","JANEIRO","1095","Amazônia","0","0"
"2009","FEVEREIRO","354","Amazônia","0","0"
"2009","MARÇO","584","Amazônia","0","0"
"2009","ABRIL","435","Amazônia","0","0"
"2009","MAIO","673","Amazônia","0","0"
"2009","JUNHO","1023","Amazônia","0","0"
"2009","JULHO","2327","Amazônia","0","0"
"2009","AGOSTO","9732","Amazônia","0","0"
"2009","SETEMBRO","20527","Amazônia","0","0"
"2009","OUTUBRO","19323","Amazônia","0","0"
"2009","NOVEMBRO","19104","Amazônia","0","0"
"2009","DEZEMBRO","6505","Amazônia","0","0"
"2010","JANEIRO","1697","Amazônia","0","0"
"2010","FEVEREIRO","1147","Amazônia","0","0"
"2010","MARÇO","1176","Amazônia","0","0"
"2010","ABRIL","633","Amazônia","0","0"
"2010","MAIO","1026","Amazônia","0","0"
"2010","JUNHO","1911","Amazônia","0","0"
"2010","JULHO","5868","Amazônia","0","0"
"2010","AGOSTO","45018","Amazônia","0","0"
"2010","SETEMBRO","43933","Amazônia","0","0"
"2010","OUTUBRO","14798","Amazônia","0","0"
"2010","NOVEMBRO","12167","Amazônia","0","0"
"2010","DEZEMBRO","5240","Amazônia","0","0"
"2011","JANEIRO","771","Amazônia","0","0"
"2011","FEVEREIRO","271","Amazônia","0","0"
"2011","MARÇO","427","Amazônia","0","0"
"2011","ABRIL","465","Amazônia","0","0"
"2011","MAIO","528","Amazônia","0","0"
"2011","JUNHO","1083","Amazônia","0","0"
"2011","JULHO","2445","Amazônia","0","0"
"2011","AGOSTO","8002","Amazônia","0","0"
"2011","SETEMBRO","16987","Amazônia","0","0"
"2011","OUTUBRO","9760","Amazônia","0","0"
"2011","NOVEMBRO","9815","Amazônia","0","0"
"2011","DEZEMBRO","7632","Amazônia","0","0"
"2012","JANEIRO","1203","Amazônia","0","0"
"2012","FEVEREIRO","438","Amazônia","0","0"
"2012","MARÇO","484","Amazônia","0","0"
"2012","ABRIL","473","Amazônia","0","0"
"2012","MAIO","855","Amazônia","0","0"
"2012","JUNHO","1875","Amazônia","0","0"
"2012","JULHO","3095","Amazônia","0","0"
"2012","AGOSTO","20687","Amazônia","0","0"
"2012","SETEMBRO","24067","Amazônia","0","0"
"2012","OUTUBRO","14814","Amazônia","0","0"
"2012","NOVEMBRO","13259","Amazônia","0","0"
"2012","DEZEMBRO","5469","Amazônia","0","0"
"2013","JANEIRO","1181","Amazônia","0","0"
"2013","FEVEREIRO","374","Amazônia","0","0"
"2013","MARÇO","738","Amazônia","0","0"
"2013","ABRIL","518","Amazônia","0","0"
"2013","MAIO","796","Amazônia","0","0"
"2013","JUNHO","1450","Amazônia","0","0"
"2013","JULHO","2531","Amazônia","0","0"
"2013","AGOSTO","9444","Amazônia","0","0"
"2013","SETEMBRO","16786","Amazônia","0","0"
"2013","OUTUBRO","10242","Amazônia","0","0"
"2013","NOVEMBRO","6615","Amazônia","0","0"
"2013","DEZEMBRO","8013","Amazônia","0","0"
"2014","JANEIRO","1573","Amazônia","0","0"
"2014","FEVEREIRO","473","Amazônia","0","0"
"2014","MARÇO","1010","Amazônia","0","0"
"2014","ABRIL","632","Amazônia","0","0"
"2014","MAIO","673","Amazônia","0","0"
"2014","JUNHO","1628","Amazônia","0","0"
"2014","JULHO","2766","Amazônia","0","0"
"2014","AGOSTO","20113","Amazônia","0","0"
"2014","SETEMBRO","20522","Amazônia","0","0"
"2014","OUTUBRO","13222","Amazônia","0","0"
"2014","NOVEMBRO","12169","Amazônia","0","0"
"2014","DEZEMBRO","7773","Amazônia","0","0"
"2015","JANEIRO","2042","Amazônia","0","0"
"2015","FEVEREIRO","1047","Amazônia","0","0"
"2015","MARÇO","572","Amazônia","0","0"
"2015","ABRIL","762","Amazônia","0","0"
"2015","MAIO","407","Amazônia","0","0"
"2015","JUNHO","1287","Amazônia","0","0"
"2015","JULHO","2817","Amazônia","0","0"
"2015","AGOSTO","20471","Amazônia","0","0"
"2015","SETEMBRO","29326","Amazônia","0","0"
"2015","OUTUBRO","19469","Amazônia","0","0"
"2015","NOVEMBRO","16935","Amazônia","0","0"
"2015","DEZEMBRO","11303","Amazônia","0","0"
"2016","JANEIRO","4657","Amazônia","0","0"
"2016","FEVEREIRO","1559","Amazônia","0","0"
"2016","MARÇO","2024","Amazônia","0","0"
"2016","ABRIL","1075","Amazônia","0","0"
"2016","MAIO","895","Amazônia","0","0"
"2016","JUNHO","1663","Amazônia","0","0"
"2016","JULHO","6120","Amazônia","0","0"
"2016","AGOSTO","18340","Amazônia","0","0"
"2016","SETEMBRO","20460","Amazônia","0","0"
"2016","OUTUBRO","14234","Amazônia","0","0"
"2016","NOVEMBRO","11610","Amazônia","0","0"
"2016","DEZEMBRO","5124","Amazônia","0","0"
"2017","JANEIRO","796","Amazônia","0","0"
"2017","FEVEREIRO","379","Amazônia","0","0"
"2017","MARÇO","736","Amazônia","0","0"
"2017","ABRIL","618","Amazônia","0","0"
"2017","MAIO","805","Amazônia","0","0"
"2017","JUNHO","1759","Amazônia","0","0"
"2017","JULHO","7986","Amazônia","0","0"
"2017","AGOSTO","21244","Amazônia","0","0"
"2017","SETEMBRO","36569","Amazônia","0","0"
"2017","OUTUBRO","14457","Amazônia","0","0"
"2017","NOVEMBRO","14105","Amazônia","0","0"
"2017","DEZEMBRO","7985","Amazônia","0","0"
"2018","JANEIRO","1444","Amazônia","0","0"
"2018","FEVEREIRO","888","Amazônia","0","0"
"2018","MARÇO","1359","Amazônia","0","0"
"2018","ABRIL","513","Amazônia","0","0"
"2018","MAIO","772","Amazônia","0","0"
"2018","JUNHO","1980","Amazônia","0","0"
"2018","JULHO","4788","Amazônia","0","0"
"2018","AGOSTO","10421","Amazônia","0","0"
"2018","SETEMBRO","24803","Amazônia","0","0"
"2018","OUTUBRO","10654","Amazônia","0","0"
"2018","NOVEMBRO","8881","Amazônia","0","0"
"2018","DEZEMBRO","1842","Amazônia","0","0"
"2019","JANEIRO","1419","Amazônia","0","0"
"2019","FEVEREIRO","1368","Amazônia","0","0"
"2019","MARÇO","3383","Amazônia","0","0"
"2019","ABRIL","1702","Amazônia","0","0"
"2019","MAIO","854","Amazônia","0","0"
"2019","JUNHO","1880","Amazônia","0","0"
"2019","JULHO","5318","Amazônia","0","0"
"2019","AGOSTO","30900","Amazônia","0","0"
"2019","SETEMBRO","19925","Amazônia","0","0"
"2019","OUTUBRO","7855","Amazônia","0","0"
"2019","NOVEMBRO","11297","Amazônia","0","0"
"2019","DEZEMBRO","3275","Amazônia","0","0"
"2020","JANEIRO","1200","Amazônia","0","0"
"2020","FEVEREIRO","1196","Amazônia","0","0"
"2020","MARÇO","1641","Amazônia","0","0"
"2020","ABRIL","789","Amazônia","0","0"
"2020","MAIO","829","Amazônia","0","0"
"2020","JUNHO","2248","Amazônia","0","0"
"2020","JULHO","6803","Amazônia","0","0"
"2020","AGOSTO","29307","Amazônia","0","0"
"2020","SETEMBRO","24473","Amazônia","0","0"
"2020","OUTUBRO","0","Amazônia","0","0"
"2020","NOVEMBRO","0","Amazônia","0","0"
"2020","DEZEMBRO","0","Amazônia","0","0"
"1998","JANEIRO","0","Pampa","0","0"
"1998","FEVEREIRO","0","Pampa","0","0"
"1998","MARÇO","0","Pampa","0","0"
"1998","ABRIL","0","Pampa","0","0"
"1998","MAIO","0","Pampa","0","0"
"1998","JUNHO","0","Pampa","0","0"
"1998","JULHO","0","Pampa","0","0"
"1998","AGOSTO","9","Pampa","0","0"
"1998","SETEMBRO","31","Pampa","0","0"
"1998","OUTUBRO","109","Pampa","0","0"
"1998","NOVEMBRO","5","Pampa","0","0"
"1998","DEZEMBRO","62","Pampa","0","0"
"1999","JANEIRO","46","Pampa","0","0"
"1999","FEVEREIRO","19","Pampa","0","0"
"1999","MARÇO","35","Pampa","0","0"
"1999","ABRIL","10","Pampa","0","0"
"1999","MAIO","8","Pampa","0","0"
"1999","JUNHO","6","Pampa","0","0"
"1999","JULHO","7","Pampa","0","0"
"1999","AGOSTO","7","Pampa","0","0"
"1999","SETEMBRO","8","Pampa","0","0"
"1999","OUTUBRO","51","Pampa","0","0"
"1999","NOVEMBRO","31","Pampa","0","0"
"1999","DEZEMBRO","1053","Pampa","0","0"
"2000","JANEIRO","74","Pampa","0","0"
"2000","FEVEREIRO","33","Pampa","0","0"
"2000","MARÇO","10","Pampa","0","0"
"2000","ABRIL","1","Pampa","0","0"
"2000","MAIO","3","Pampa","0","0"
"2000","JUNHO","0","Pampa","0","0"
"2000","JULHO","4","Pampa","0","0"
"2000","AGOSTO","10","Pampa","0","0"
"2000","SETEMBRO","7","Pampa","0","0"
"2000","OUTUBRO","5","Pampa","0","0"
"2000","NOVEMBRO","4","Pampa","0","0"
"2000","DEZEMBRO","60","Pampa","0","0"
"2001","JANEIRO","7","Pampa","0","0"
"2001","FEVEREIRO","32","Pampa","0","0"
"2001","MARÇO","8","Pampa","0","0"
"2001","ABRIL","2","Pampa","0","0"
"2001","MAIO","4","Pampa","0","0"
"2001","JUNHO","1","Pampa","0","0"
"2001","JULHO","6","Pampa","0","0"
"2001","AGOSTO","24","Pampa","0","0"
"2001","SETEMBRO","0","Pampa","0","0"
"2001","OUTUBRO","12","Pampa","0","0"
"2001","NOVEMBRO","23","Pampa","0","0"
"2001","DEZEMBRO","35","Pampa","0","0"
"2002","JANEIRO","213","Pampa","0","0"
"2002","FEVEREIRO","30","Pampa","0","0"
"2002","MARÇO","19","Pampa","0","0"
"2002","ABRIL","2","Pampa","0","0"
"2002","MAIO","4","Pampa","0","0"
"2002","JUNHO","2","Pampa","0","0"
"2002","JULHO","178","Pampa","0","0"
"2002","AGOSTO","379","Pampa","0","0"
"2002","SETEMBRO","238","Pampa","0","0"
"2002","OUTUBRO","18","Pampa","0","0"
"2002","NOVEMBRO","18","Pampa","0","0"
"2002","DEZEMBRO","20","Pampa","0","0"
"2003","JANEIRO","41","Pampa","0","0"
"2003","FEVEREIRO","8","Pampa","0","0"
"2003","MARÇO","19","Pampa","0","0"
"2003","ABRIL","63","Pampa","0","0"
"2003","MAIO","79","Pampa","0","0"
"2003","JUNHO","47","Pampa","0","0"
"2003","JULHO","252","Pampa","0","0"
"2003","AGOSTO","736","Pampa","0","0"
"2003","SETEMBRO","357","Pampa","0","0"
"2003","OUTUBRO","121","Pampa","0","0"
"2003","NOVEMBRO","51","Pampa","0","0"
"2003","DEZEMBRO","24","Pampa","0","0"
"2004","JANEIRO","38","Pampa","0","0"
"2004","FEVEREIRO","62","Pampa","0","0"
"2004","MARÇO","163","Pampa","0","0"
"2004","ABRIL","121","Pampa","0","0"
"2004","MAIO","55","Pampa","0","0"
"2004","JUNHO","140","Pampa","0","0"
"2004","JULHO","232","Pampa","0","0"
"2004","AGOSTO","356","Pampa","0","0"
"2004","SETEMBRO","157","Pampa","0","0"
"2004","OUTUBRO","252","Pampa","0","0"
"2004","NOVEMBRO","49","Pampa","0","0"
"2004","DEZEMBRO","52","Pampa","0","0"
"2005","JANEIRO","102","Pampa","0","0"
"2005","FEVEREIRO","32","Pampa","0","0"
"2005","MARÇO","131","Pampa","0","0"
"2005","ABRIL","61","Pampa","0","0"
"2005","MAIO","74","Pampa","0","0"
"2005","JUNHO","63","Pampa","0","0"
"2005","JULHO","153","Pampa","0","0"
"2005","AGOSTO","241","Pampa","0","0"
"2005","SETEMBRO","122","Pampa","0","0"
"2005","OUTUBRO","46","Pampa","0","0"
"2005","NOVEMBRO","67","Pampa","0","0"
"2005","DEZEMBRO","46","Pampa","0","0"
"2006","JANEIRO","29","Pampa","0","0"
"2006","FEVEREIRO","35","Pampa","0","0"
"2006","MARÇO","82","Pampa","0","0"
"2006","ABRIL","111","Pampa","0","0"
"2006","MAIO","175","Pampa","0","0"
"2006","JUNHO","78","Pampa","0","0"
"2006","JULHO","188","Pampa","0","0"
"2006","AGOSTO","321","Pampa","0","0"
"2006","SETEMBRO","187","Pampa","0","0"
"2006","OUTUBRO","62","Pampa","0","0"
"2006","NOVEMBRO","42","Pampa","0","0"
"2006","DEZEMBRO","26","Pampa","0","0"
"2007","JANEIRO","18","Pampa","0","0"
"2007","FEVEREIRO","17","Pampa","0","0"
"2007","MARÇO","22","Pampa","0","0"
"2007","ABRIL","60","Pampa","0","0"
"2007","MAIO","63","Pampa","0","0"
"2007","JUNHO","111","Pampa","0","0"
"2007","JULHO","201","Pampa","0","0"
"2007","AGOSTO","231","Pampa","0","0"
"2007","SETEMBRO","192","Pampa","0","0"
"2007","OUTUBRO","42","Pampa","0","0"
"2007","NOVEMBRO","46","Pampa","0","0"
"2007","DEZEMBRO","42","Pampa","0","0"
"2008","JANEIRO","41","Pampa","0","0"
"2008","FEVEREIRO","28","Pampa","0","0"
"2008","MARÇO","43","Pampa","0","0"
"2008","ABRIL","135","Pampa","0","0"
"2008","MAIO","127","Pampa","0","0"
"2008","JUNHO","84","Pampa","0","0"
"2008","JULHO","129","Pampa","0","0"
"2008","AGOSTO","113","Pampa","0","0"
"2008","SETEMBRO","83","Pampa","0","0"
"2008","OUTUBRO","78","Pampa","0","0"
"2008","NOVEMBRO","35","Pampa","0","0"
"2008","DEZEMBRO","52","Pampa","0","0"
"2009","JANEIRO","52","Pampa","0","0"
"2009","FEVEREIRO","18","Pampa","0","0"
"2009","MARÇO","42","Pampa","0","0"
"2009","ABRIL","168","Pampa","0","0"
"2009","MAIO","174","Pampa","0","0"
"2009","JUNHO","83","Pampa","0","0"
"2009","JULHO","129","Pampa","0","0"
"2009","AGOSTO","373","Pampa","0","0"
"2009","SETEMBRO","34","Pampa","0","0"
"2009","OUTUBRO","71","Pampa","0","0"
"2009","NOVEMBRO","2","Pampa","0","0"
"2009","DEZEMBRO","6","Pampa","0","0"
"2010","JANEIRO","33","Pampa","0","0"
"2010","FEVEREIRO","17","Pampa","0","0"
"2010","MARÇO","34","Pampa","0","0"
"2010","ABRIL","67","Pampa","0","0"
"2010","MAIO","23","Pampa","0","0"
"2010","JUNHO","29","Pampa","0","0"
"2010","JULHO","80","Pampa","0","0"
"2010","AGOSTO","272","Pampa","0","0"
"2010","SETEMBRO","132","Pampa","0","0"
"2010","OUTUBRO","92","Pampa","0","0"
"2010","NOVEMBRO","82","Pampa","0","0"
"2010","DEZEMBRO","95","Pampa","0","0"
"2011","JANEIRO","22","Pampa","0","0"
"2011","FEVEREIRO","16","Pampa","0","0"
"2011","MARÇO","36","Pampa","0","0"
"2011","ABRIL","77","Pampa","0","0"
"2011","MAIO","73","Pampa","0","0"
"2011","JUNHO","86","Pampa","0","0"
"2011","JULHO","96","Pampa","0","0"
"2011","AGOSTO","130","Pampa","0","0"
"2011","SETEMBRO","233","Pampa","0","0"
"2011","OUTUBRO","37","Pampa","0","0"
"2011","NOVEMBRO","75","Pampa","0","0"
"2011","DEZEMBRO","50","Pampa","0","0"
"2012","JANEIRO","61","Pampa","0","0"
"2012","FEVEREIRO","34","Pampa","0","0"
"2012","MARÇO","71","Pampa","0","0"
"2012","ABRIL","36","Pampa","0","0"
"2012","MAIO","151","Pampa","0","0"
"2012","JUNHO","159","Pampa","0","0"
"2012","JULHO","220","Pampa","0","0"
"2012","AGOSTO","165","Pampa","0","0"
"2012","SETEMBRO","62","Pampa","0","0"
"2012","OUTUBRO","40","Pampa","0","0"
"2012","NOVEMBRO","42","Pampa","0","0"
"2012","DEZEMBRO","12","Pampa","0","0"
"2013","JANEIRO","28","Pampa","0","0"
"2013","FEVEREIRO","46","Pampa","0","0"
"2013","MARÇO","50","Pampa","0","0"
"2013","ABRIL","57","Pampa","0","0"
"2013","MAIO","32","Pampa","0","0"
"2013","JUNHO","33","Pampa","0","0"
"2013","JULHO","95","Pampa","0","0"
"2013","AGOSTO","189","Pampa","0","0"
"2013","SETEMBRO","126","Pampa","0","0"
"2013","OUTUBRO","59","Pampa","0","0"
"2013","NOVEMBRO","59","Pampa","0","0"
"2013","DEZEMBRO","27","Pampa","0","0"
"2014","JANEIRO","19","Pampa","0","0"
"2014","FEVEREIRO","17","Pampa","0","0"
"2014","MARÇO","39","Pampa","0","0"
"2014","ABRIL","50","Pampa","0","0"
"2014","MAIO","50","Pampa","0","0"
"2014","JUNHO","53","Pampa","0","0"
"2014","JULHO","74","Pampa","0","0"
"2014","AGOSTO","254","Pampa","0","0"
"2014","SETEMBRO","57","Pampa","0","0"
"2014","OUTUBRO","39","Pampa","0","0"
"2014","NOVEMBRO","35","Pampa","0","0"
"2014","DEZEMBRO","21","Pampa","0","0"
"2015","JANEIRO","14","Pampa","0","0"
"2015","FEVEREIRO","18","Pampa","0","0"
"2015","MARÇO","48","Pampa","0","0"
"2015","ABRIL","142","Pampa","0","0"
"2015","MAIO","122","Pampa","0","0"
"2015","JUNHO","57","Pampa","0","0"
"2015","JULHO","24","Pampa","0","0"
"2015","AGOSTO","86","Pampa","0","0"
"2015","SETEMBRO","139","Pampa","0","0"
"2015","OUTUBRO","47","Pampa","0","0"
"2015","NOVEMBRO","12","Pampa","0","0"
"2015","DEZEMBRO","21","Pampa","0","0"
"2016","JANEIRO","37","Pampa","0","0"
"2016","FEVEREIRO","33","Pampa","0","0"
"2016","MARÇO","24","Pampa","0","0"
"2016","ABRIL","23","Pampa","0","0"
"2016","MAIO","34","Pampa","0","0"
"2016","JUNHO","183","Pampa","0","0"
"2016","JULHO","199","Pampa","0","0"
"2016","AGOSTO","383","Pampa","0","0"
"2016","SETEMBRO","252","Pampa","0","0"
"2016","OUTUBRO","57","Pampa","0","0"
"2016","NOVEMBRO","43","Pampa","0","0"
"2016","DEZEMBRO","59","Pampa","0","0"
"2017","JANEIRO","15","Pampa","0","0"
"2017","FEVEREIRO","21","Pampa","0","0"
"2017","MARÇO","31","Pampa","0","0"
"2017","ABRIL","41","Pampa","0","0"
"2017","MAIO","39","Pampa","0","0"
"2017","JUNHO","65","Pampa","0","0"
"2017","JULHO","262","Pampa","0","0"
"2017","AGOSTO","233","Pampa","0","0"
"2017","SETEMBRO","65","Pampa","0","0"
"2017","OUTUBRO","55","Pampa","0","0"
"2017","NOVEMBRO","60","Pampa","0","0"
"2017","DEZEMBRO","49","Pampa","0","0"
"2018","JANEIRO","40","Pampa","0","0"
"2018","FEVEREIRO","51","Pampa","0","0"
"2018","MARÇO","63","Pampa","0","0"
"2018","ABRIL","57","Pampa","0","0"
"2018","MAIO","70","Pampa","0","0"
"2018","JUNHO","33","Pampa","0","0"
"2018","JULHO","47","Pampa","0","0"
"2018","AGOSTO","232","Pampa","0","0"
"2018","SETEMBRO","67","Pampa","0","0"
"2018","OUTUBRO","34","Pampa","0","0"
"2018","NOVEMBRO","24","Pampa","0","0"
"2018","DEZEMBRO","24","Pampa","0","0"
"2019","JANEIRO","20","Pampa","0","0"
"2019","FEVEREIRO","32","Pampa","0","0"
"2019","MARÇO","82","Pampa","0","0"
"2019","ABRIL","50","Pampa","0","0"
"2019","MAIO","23","Pampa","0","0"
"2019","JUNHO","102","Pampa","0","0"
"2019","JULHO","222","Pampa","0","0"
"2019","AGOSTO","446","Pampa","0","0"
"2019","SETEMBRO","273","Pampa","0","0"
"2019","OUTUBRO","72","Pampa","0","0"
"2019","NOVEMBRO","30","Pampa","0","0"
"2019","DEZEMBRO","68","Pampa","0","0"
"2020","JANEIRO","25","Pampa","0","0"
"2020","FEVEREIRO","72","Pampa","0","0"
"2020","MARÇO","176","Pampa","0","0"
"2020","ABRIL","335","Pampa","0","0"
"2020","MAIO","309","Pampa","0","0"
"2020","JUNHO","83","Pampa","0","0"
"2020","JULHO","67","Pampa","0","0"
"2020","AGOSTO","380","Pampa","0","0"
"2020","SETEMBRO","13","Pampa","0","0"
"2020","OUTUBRO","0","Pampa","0","0"
"2020","NOVEMBRO","0","Pampa","0","0"
"2020","DEZEMBRO","0","Pampa","0","0"
"1998","JANEIRO","0","Caatinga","0","0"
"1998","FEVEREIRO","0","Caatinga","0","0"
"1998","MARÇO","0","Caatinga","0","0"
"1998","ABRIL","0","Caatinga","0","0"
"1998","MAIO","0","Caatinga","0","0"
"1998","JUNHO","34","Caatinga","0","0"
"1998","JULHO","206","Caatinga","0","0"
"1998","AGOSTO","462","Caatinga","0","0"
"1998","SETEMBRO","2642","Caatinga","0","0"
"1998","OUTUBRO","4280","Caatinga","0","0"
"1998","NOVEMBRO","1185","Caatinga","0","0"
"1998","DEZEMBRO","494","Caatinga","0","0"
"1999","JANEIRO","227","Caatinga","0","0"
"1999","FEVEREIRO","155","Caatinga","0","0"
"1999","MARÇO","93","Caatinga","0","0"
"1999","ABRIL","63","Caatinga","0","0"
"1999","MAIO","24","Caatinga","0","0"
"1999","JUNHO","62","Caatinga","0","0"
"1999","JULHO","203","Caatinga","0","0"
"1999","AGOSTO","458","Caatinga","0","0"
"1999","SETEMBRO","1117","Caatinga","0","0"
"1999","OUTUBRO","2080","Caatinga","0","0"
"1999","NOVEMBRO","984","Caatinga","0","0"
"1999","DEZEMBRO","566","Caatinga","0","0"
"2000","JANEIRO","16","Caatinga","0","0"
"2000","FEVEREIRO","41","Caatinga","0","0"
"2000","MARÇO","68","Caatinga","0","0"
"2000","ABRIL","56","Caatinga","0","0"
"2000","MAIO","38","Caatinga","0","0"
"2000","JUNHO","46","Caatinga","0","0"
"2000","JULHO","73","Caatinga","0","0"
"2000","AGOSTO","399","Caatinga","0","0"
"2000","SETEMBRO","1504","Caatinga","0","0"
"2000","OUTUBRO","4744","Caatinga","0","0"
"2000","NOVEMBRO","1224","Caatinga","0","0"
"2000","DEZEMBRO","546","Caatinga","0","0"
"2001","JANEIRO","40","Caatinga","0","0"
"2001","FEVEREIRO","38","Caatinga","0","0"
"2001","MARÇO","5","Caatinga","0","0"
"2001","ABRIL","30","Caatinga","0","0"
"2001","MAIO","205","Caatinga","0","0"
"2001","JUNHO","108","Caatinga","0","0"
"2001","JULHO","390","Caatinga","0","0"
"2001","AGOSTO","895","Caatinga","0","0"
"2001","SETEMBRO","3996","Caatinga","0","0"
"2001","OUTUBRO","7157","Caatinga","0","0"
"2001","NOVEMBRO","4767","Caatinga","0","0"
"2001","DEZEMBRO","970","Caatinga","0","0"
"2002","JANEIRO","93","Caatinga","0","0"
"2002","FEVEREIRO","263","Caatinga","0","0"
"2002","MARÇO","148","Caatinga","0","0"
"2002","ABRIL","123","Caatinga","0","0"
"2002","MAIO","146","Caatinga","0","0"
"2002","JUNHO","125","Caatinga","0","0"
"2002","JULHO","277","Caatinga","0","0"
"2002","AGOSTO","1252","Caatinga","0","0"
"2002","SETEMBRO","5099","Caatinga","0","0"
"2002","OUTUBRO","7728","Caatinga","0","0"
"2002","NOVEMBRO","6193","Caatinga","0","0"
"2002","DEZEMBRO","3975","Caatinga","0","0"
"2003","JANEIRO","967","Caatinga","0","0"
"2003","FEVEREIRO","201","Caatinga","0","0"
"2003","MARÇO","191","Caatinga","0","0"
"2003","ABRIL","187","Caatinga","0","0"
"2003","MAIO","60","Caatinga","0","0"
"2003","JUNHO","108","Caatinga","0","0"
"2003","JULHO","340","Caatinga","0","0"
"2003","AGOSTO","1020","Caatinga","0","0"
"2003","SETEMBRO","7234","Caatinga","0","0"
"2003","OUTUBRO","8722","Caatinga","0","0"
"2003","NOVEMBRO","8451","Caatinga","0","0"
"2003","DEZEMBRO","5292","Caatinga","0","0"
"2004","JANEIRO","458","Caatinga","0","0"
"2004","FEVEREIRO","94","Caatinga","0","0"
"2004","MARÇO","104","Caatinga","0","0"
"2004","ABRIL","93","Caatinga","0","0"
"2004","MAIO","115","Caatinga","0","0"
"2004","JUNHO","83","Caatinga","0","0"
"2004","JULHO","199","Caatinga","0","0"
"2004","AGOSTO","976","Caatinga","0","0"
"2004","SETEMBRO","4848","Caatinga","0","0"
"2004","OUTUBRO","7707","Caatinga","0","0"
"2004","NOVEMBRO","7689","Caatinga","0","0"
"2004","DEZEMBRO","7400","Caatinga","0","0"
"2005","JANEIRO","1283","Caatinga","0","0"
"2005","FEVEREIRO","264","Caatinga","0","0"
"2005","MARÇO","137","Caatinga","0","0"
"2005","ABRIL","65","Caatinga","0","0"
"2005","MAIO","49","Caatinga","0","0"
"2005","JUNHO","80","Caatinga","0","0"
"2005","JULHO","287","Caatinga","0","0"
"2005","AGOSTO","610","Caatinga","0","0"
"2005","SETEMBRO","3623","Caatinga","0","0"
"2005","OUTUBRO","8151","Caatinga","0","0"
"2005","NOVEMBRO","7067","Caatinga","0","0"
"2005","DEZEMBRO","4533","Caatinga","0","0"
"2006","JANEIRO","884","Caatinga","0","0"
"2006","FEVEREIRO","227","Caatinga","0","0"
"2006","MARÇO","164","Caatinga","0","0"
"2006","ABRIL","65","Caatinga","0","0"
"2006","MAIO","31","Caatinga","0","0"
"2006","JUNHO","52","Caatinga","0","0"
"2006","JULHO","137","Caatinga","0","0"
"2006","AGOSTO","697","Caatinga","0","0"
"2006","SETEMBRO","2550","Caatinga","0","0"
"2006","OUTUBRO","3998","Caatinga","0","0"
"2006","NOVEMBRO","5253","Caatinga","0","0"
"2006","DEZEMBRO","4432","Caatinga","0","0"
"2007","JANEIRO","1123","Caatinga","0","0"
"2007","FEVEREIRO","118","Caatinga","0","0"
"2007","MARÇO","67","Caatinga","0","0"
"2007","ABRIL","129","Caatinga","0","0"
"2007","MAIO","149","Caatinga","0","0"
"2007","JUNHO","264","Caatinga","0","0"
"2007","JULHO","704","Caatinga","0","0"
"2007","AGOSTO","1878","Caatinga","0","0"
"2007","SETEMBRO","5239","Caatinga","0","0"
"2007","OUTUBRO","8515","Caatinga","0","0"
"2007","NOVEMBRO","6939","Caatinga","0","0"
"2007","DEZEMBRO","4266","Caatinga","0","0"
"2008","JANEIRO","873","Caatinga","0","0"
"2008","FEVEREIRO","335","Caatinga","0","0"
"2008","MARÇO","147","Caatinga","0","0"
"2008","ABRIL","95","Caatinga","0","0"
"2008","MAIO","54","Caatinga","0","0"
"2008","JUNHO","63","Caatinga","0","0"
"2008","JULHO","118","Caatinga","0","0"
"2008","AGOSTO","433","Caatinga","0","0"
"2008","SETEMBRO","2888","Caatinga","0","0"
"2008","OUTUBRO","6135","Caatinga","0","0"
"2008","NOVEMBRO","7325","Caatinga","0","0"
"2008","DEZEMBRO","5255","Caatinga","0","0"
"2009","JANEIRO","1164","Caatinga","0","0"
"2009","FEVEREIRO","171","Caatinga","0","0"
"2009","MARÇO","227","Caatinga","0","0"
"2009","ABRIL","54","Caatinga","0","0"
"2009","MAIO","15","Caatinga","0","0"
"2009","JUNHO","53","Caatinga","0","0"
"2009","JULHO","110","Caatinga","0","0"
"2009","AGOSTO","292","Caatinga","0","0"
"2009","SETEMBRO","2746","Caatinga","0","0"
"2009","OUTUBRO","3059","Caatinga","0","0"
"2009","NOVEMBRO","4866","Caatinga","0","0"
"2009","DEZEMBRO","3936","Caatinga","0","0"
"2010","JANEIRO","668","Caatinga","0","0"
"2010","FEVEREIRO","290","Caatinga","0","0"
"2010","MARÇO","292","Caatinga","0","0"
"2010","ABRIL","69","Caatinga","0","0"
"2010","MAIO","142","Caatinga","0","0"
"2010","JUNHO","166","Caatinga","0","0"
"2010","JULHO","494","Caatinga","0","0"
"2010","AGOSTO","1907","Caatinga","0","0"
"2010","SETEMBRO","4376","Caatinga","0","0"
"2010","OUTUBRO","5829","Caatinga","0","0"
"2010","NOVEMBRO","5960","Caatinga","0","0"
"2010","DEZEMBRO","1599","Caatinga","0","0"
"2011","JANEIRO","221","Caatinga","0","0"
"2011","FEVEREIRO","135","Caatinga","0","0"
"2011","MARÇO","170","Caatinga","0","0"
"2011","ABRIL","116","Caatinga","0","0"
"2011","MAIO","76","Caatinga","0","0"
"2011","JUNHO","183","Caatinga","0","0"
"2011","JULHO","306","Caatinga","0","0"
"2011","AGOSTO","862","Caatinga","0","0"
"2011","SETEMBRO","3486","Caatinga","0","0"
"2011","OUTUBRO","3489","Caatinga","0","0"
"2011","NOVEMBRO","4271","Caatinga","0","0"
"2011","DEZEMBRO","3246","Caatinga","0","0"
"2012","JANEIRO","788","Caatinga","0","0"
"2012","FEVEREIRO","243","Caatinga","0","0"
"2012","MARÇO","404","Caatinga","0","0"
"2012","ABRIL","259","Caatinga","0","0"
"2012","MAIO","283","Caatinga","0","0"
"2012","JUNHO","370","Caatinga","0","0"
"2012","JULHO","649","Caatinga","0","0"
"2012","AGOSTO","1829","Caatinga","0","0"
"2012","SETEMBRO","3626","Caatinga","0","0"
"2012","OUTUBRO","4582","Caatinga","0","0"
"2012","NOVEMBRO","2063","Caatinga","0","0"
"2012","DEZEMBRO","1621","Caatinga","0","0"
"2013","JANEIRO","340","Caatinga","0","0"
"2013","FEVEREIRO","207","Caatinga","0","0"
"2013","MARÇO","219","Caatinga","0","0"
"2013","ABRIL","71","Caatinga","0","0"
"2013","MAIO","73","Caatinga","0","0"
"2013","JUNHO","125","Caatinga","0","0"
"2013","JULHO","191","Caatinga","0","0"
"2013","AGOSTO","561","Caatinga","0","0"
"2013","SETEMBRO","2452","Caatinga","0","0"
"2013","OUTUBRO","2164","Caatinga","0","0"
"2013","NOVEMBRO","1889","Caatinga","0","0"
"2013","DEZEMBRO","1567","Caatinga","0","0"
"2014","JANEIRO","360","Caatinga","0","0"
"2014","FEVEREIRO","68","Caatinga","0","0"
"2014","MARÇO","104","Caatinga","0","0"
"2014","ABRIL","73","Caatinga","0","0"
"2014","MAIO","74","Caatinga","0","0"
"2014","JUNHO","168","Caatinga","0","0"
"2014","JULHO","414","Caatinga","0","0"
"2014","AGOSTO","907","Caatinga","0","0"
"2014","SETEMBRO","2079","Caatinga","0","0"
"2014","OUTUBRO","2324","Caatinga","0","0"
"2014","NOVEMBRO","1762","Caatinga","0","0"
"2014","DEZEMBRO","1163","Caatinga","0","0"
"2015","JANEIRO","428","Caatinga","0","0"
"2015","FEVEREIRO","138","Caatinga","0","0"
"2015","MARÇO","99","Caatinga","0","0"
"2015","ABRIL","86","Caatinga","0","0"
"2015","MAIO","81","Caatinga","0","0"
"2015","JUNHO","155","Caatinga","0","0"
"2015","JULHO","285","Caatinga","0","0"
"2015","AGOSTO","1203","Caatinga","0","0"
"2015","SETEMBRO","4079","Caatinga","0","0"
"2015","OUTUBRO","3909","Caatinga","0","0"
"2015","NOVEMBRO","2599","Caatinga","0","0"
"2015","DEZEMBRO","2071","Caatinga","0","0"
"2016","JANEIRO","258","Caatinga","0","0"
"2016","FEVEREIRO","112","Caatinga","0","0"
"2016","MARÇO","56","Caatinga","0","0"
"2016","ABRIL","95","Caatinga","0","0"
"2016","MAIO","80","Caatinga","0","0"
"2016","JUNHO","158","Caatinga","0","0"
"2016","JULHO","551","Caatinga","0","0"
"2016","AGOSTO","1504","Caatinga","0","0"
"2016","SETEMBRO","2095","Caatinga","0","0"
"2016","OUTUBRO","4274","Caatinga","0","0"
"2016","NOVEMBRO","2882","Caatinga","0","0"
"2016","DEZEMBRO","1528","Caatinga","0","0"
"2017","JANEIRO","305","Caatinga","0","0"
"2017","FEVEREIRO","81","Caatinga","0","0"
"2017","MARÇO","70","Caatinga","0","0"
"2017","ABRIL","49","Caatinga","0","0"
"2017","MAIO","64","Caatinga","0","0"
"2017","JUNHO","78","Caatinga","0","0"
"2017","JULHO","167","Caatinga","0","0"
"2017","AGOSTO","795","Caatinga","0","0"
"2017","SETEMBRO","1759","Caatinga","0","0"
"2017","OUTUBRO","4030","Caatinga","0","0"
"2017","NOVEMBRO","1792","Caatinga","0","0"
"2017","DEZEMBRO","1814","Caatinga","0","0"
"2018","JANEIRO","316","Caatinga","0","0"
"2018","FEVEREIRO","30","Caatinga","0","0"
"2018","MARÇO","58","Caatinga","0","0"
"2018","ABRIL","28","Caatinga","0","0"
"2018","MAIO","68","Caatinga","0","0"
"2018","JUNHO","196","Caatinga","0","0"
"2018","JULHO","594","Caatinga","0","0"
"2018","AGOSTO","1516","Caatinga","0","0"
"2018","SETEMBRO","2820","Caatinga","0","0"
"2018","OUTUBRO","2476","Caatinga","0","0"
"2018","NOVEMBRO","1876","Caatinga","0","0"
"2018","DEZEMBRO","1369","Caatinga","0","0"
"2019","JANEIRO","433","Caatinga","0","0"
"2019","FEVEREIRO","73","Caatinga","0","0"
"2019","MARÇO","58","Caatinga","0","0"
"2019","ABRIL","28","Caatinga","0","0"
"2019","MAIO","59","Caatinga","0","0"
"2019","JUNHO","135","Caatinga","0","0"
"2019","JULHO","302","Caatinga","0","0"
"2019","AGOSTO","1304","Caatinga","0","0"
"2019","SETEMBRO","2827","Caatinga","0","0"
"2019","OUTUBRO","4716","Caatinga","0","0"
"2019","NOVEMBRO","3212","Caatinga","0","0"
"2019","DEZEMBRO","1813","Caatinga","0","0"
"2020","JANEIRO","293","Caatinga","0","0"
"2020","FEVEREIRO","62","Caatinga","0","0"
"2020","MARÇO","22","Caatinga","0","0"
"2020","ABRIL","38","Caatinga","0","0"
"2020","MAIO","42","Caatinga","0","0"
"2020","JUNHO","83","Caatinga","0","0"
"2020","JULHO","265","Caatinga","0","0"
"2020","AGOSTO","838","Caatinga","0","0"
"2020","SETEMBRO","1587","Caatinga","0","0"
"2020","OUTUBRO","0","Caatinga","0","0"
"2020","NOVEMBRO","0","Caatinga","0","0"
"2020","DEZEMBRO","0","Caatinga","0","0"
"1998","JANEIRO","0","Mata Atlântica","0","0"
"1998","FEVEREIRO","0","Mata Atlântica","0","0"
"1998","MARÇO","0","Mata Atlântica","0","0"
"1998","ABRIL","0","Mata Atlântica","0","0"
"1998","MAIO","0","Mata Atlântica","0","0"
"1998","JUNHO","303","Mata Atlântica","0","0"
"1998","JULHO","477","Mata Atlântica","0","0"
"1998","AGOSTO","687","Mata Atlântica","0","0"
"1998","SETEMBRO","1678","Mata Atlântica","0","0"
"1998","OUTUBRO","1260","Mata Atlântica","0","0"
"1998","NOVEMBRO","522","Mata Atlântica","0","0"
"1998","DEZEMBRO","323","Mata Atlântica","0","0"
"1999","JANEIRO","299","Mata Atlântica","0","0"
"1999","FEVEREIRO","273","Mata Atlântica","0","0"
"1999","MARÇO","310","Mata Atlântica","0","0"
"1999","ABRIL","163","Mata Atlântica","0","0"
"1999","MAIO","368","Mata Atlântica","0","0"
"1999","JUNHO","303","Mata Atlântica","0","0"
"1999","JULHO","563","Mata Atlântica","0","0"
"1999","AGOSTO","2581","Mata Atlântica","0","0"
"1999","SETEMBRO","3306","Mata Atlântica","0","0"
"1999","OUTUBRO","1688","Mata Atlântica","0","0"
"1999","NOVEMBRO","1222","Mata Atlântica","0","0"
"1999","DEZEMBRO","520","Mata Atlântica","0","0"
"2000","JANEIRO","241","Mata Atlântica","0","0"
"2000","FEVEREIRO","186","Mata Atlântica","0","0"
"2000","MARÇO","219","Mata Atlântica","0","0"
"2000","ABRIL","135","Mata Atlântica","0","0"
"2000","MAIO","204","Mata Atlântica","0","0"
"2000","JUNHO","432","Mata Atlântica","0","0"
"2000","JULHO","598","Mata Atlântica","0","0"
"2000","AGOSTO","1746","Mata Atlântica","0","0"
"2000","SETEMBRO","1100","Mata Atlântica","0","0"
"2000","OUTUBRO","2369","Mata Atlântica","0","0"
"2000","NOVEMBRO","230","Mata Atlântica","0","0"
"2000","DEZEMBRO","237","Mata Atlântica","0","0"
"2001","JANEIRO","87","Mata Atlântica","0","0"
"2001","FEVEREIRO","120","Mata Atlântica","0","0"
"2001","MARÇO","40","Mata Atlântica","0","0"
"2001","ABRIL","92","Mata Atlântica","0","0"
"2001","MAIO","185","Mata Atlântica","0","0"
"2001","JUNHO","244","Mata Atlântica","0","0"
"2001","JULHO","590","Mata Atlântica","0","0"
"2001","AGOSTO","1159","Mata Atlântica","0","0"
"2001","SETEMBRO","1418","Mata Atlântica","0","0"
"2001","OUTUBRO","997","Mata Atlântica","0","0"
"2001","NOVEMBRO","495","Mata Atlântica","0","0"
"2001","DEZEMBRO","311","Mata Atlântica","0","0"
"2002","JANEIRO","251","Mata Atlântica","0","0"
"2002","FEVEREIRO","226","Mata Atlântica","0","0"
"2002","MARÇO","209","Mata Atlântica","0","0"
"2002","ABRIL","352","Mata Atlântica","0","0"
"2002","MAIO","263","Mata Atlântica","0","0"
"2002","JUNHO","485","Mata Atlântica","0","0"
"2002","JULHO","1829","Mata Atlântica","0","0"
"2002","AGOSTO","6548","Mata Atlântica","0","0"
"2002","SETEMBRO","6764","Mata Atlântica","0","0"
"2002","OUTUBRO","4897","Mata Atlântica","0","0"
"2002","NOVEMBRO","2441","Mata Atlântica","0","0"
"2002","DEZEMBRO","1673","Mata Atlântica","0","0"
"2003","JANEIRO","1151","Mata Atlântica","0","0"
"2003","FEVEREIRO","683","Mata Atlântica","0","0"
"2003","MARÇO","834","Mata Atlântica","0","0"
"2003","ABRIL","1263","Mata Atlântica","0","0"
"2003","MAIO","1744","Mata Atlântica","0","0"
"2003","JUNHO","2500","Mata Atlântica","0","0"
"2003","JULHO","3144","Mata Atlântica","0","0"
"2003","AGOSTO","9826","Mata Atlântica","0","0"
"2003","SETEMBRO","11963","Mata Atlântica","0","0"
"2003","OUTUBRO","7588","Mata Atlântica","0","0"
"2003","NOVEMBRO","2148","Mata Atlântica","0","0"
"2003","DEZEMBRO","1589","Mata Atlântica","0","0"
"2004","JANEIRO","572","Mata Atlântica","0","0"
"2004","FEVEREIRO","469","Mata Atlântica","0","0"
"2004","MARÇO","712","Mata Atlântica","0","0"
"2004","ABRIL","692","Mata Atlântica","0","0"
"2004","MAIO","318","Mata Atlântica","0","0"
"2004","JUNHO","1335","Mata Atlântica","0","0"
"2004","JULHO","1558","Mata Atlântica","0","0"
"2004","AGOSTO","5778","Mata Atlântica","0","0"
"2004","SETEMBRO","7396","Mata Atlântica","0","0"
"2004","OUTUBRO","5344","Mata Atlântica","0","0"
"2004","NOVEMBRO","2624","Mata Atlântica","0","0"
"2004","DEZEMBRO","1317","Mata Atlântica","0","0"
"2005","JANEIRO","752","Mata Atlântica","0","0"
"2005","FEVEREIRO","578","Mata Atlântica","0","0"
"2005","MARÇO","867","Mata Atlântica","0","0"
"2005","ABRIL","551","Mata Atlântica","0","0"
"2005","MAIO","907","Mata Atlântica","0","0"
"2005","JUNHO","939","Mata Atlântica","0","0"
"2005","JULHO","1721","Mata Atlântica","0","0"
"2005","AGOSTO","5494","Mata Atlântica","0","0"
"2005","SETEMBRO","2632","Mata Atlântica","0","0"
"2005","OUTUBRO","5719","Mata Atlântica","0","0"
"2005","NOVEMBRO","2331","Mata Atlântica","0","0"
"2005","DEZEMBRO","785","Mata Atlântica","0","0"
"2006","JANEIRO","617","Mata Atlântica","0","0"
"2006","FEVEREIRO","783","Mata Atlântica","0","0"
"2006","MARÇO","744","Mata Atlântica","0","0"
"2006","ABRIL","781","Mata Atlântica","0","0"
"2006","MAIO","1510","Mata Atlântica","0","0"
"2006","JUNHO","1433","Mata Atlântica","0","0"
"2006","JULHO","3651","Mata Atlântica","0","0"
"2006","AGOSTO","6807","Mata Atlântica","0","0"
"2006","SETEMBRO","5120","Mata Atlântica","0","0"
"2006","OUTUBRO","1884","Mata Atlântica","0","0"
"2006","NOVEMBRO","1006","Mata Atlântica","0","0"
"2006","DEZEMBRO","547","Mata Atlântica","0","0"
"2007","JANEIRO","400","Mata Atlântica","0","0"
"2007","FEVEREIRO","450","Mata Atlântica","0","0"
"2007","MARÇO","672","Mata Atlântica","0","0"
"2007","ABRIL","569","Mata Atlântica","0","0"
"2007","MAIO","710","Mata Atlântica","0","0"
"2007","JUNHO","1532","Mata Atlântica","0","0"
"2007","JULHO","1940","Mata Atlântica","0","0"
"2007","AGOSTO","5055","Mata Atlântica","0","0"
"2007","SETEMBRO","7170","Mata Atlântica","0","0"
"2007","OUTUBRO","6451","Mata Atlântica","0","0"
"2007","NOVEMBRO","3283","Mata Atlântica","0","0"
"2007","DEZEMBRO","979","Mata Atlântica","0","0"
"2008","JANEIRO","490","Mata Atlântica","0","0"
"2008","FEVEREIRO","527","Mata Atlântica","0","0"
"2008","MARÇO","478","Mata Atlântica","0","0"
"2008","ABRIL","489","Mata Atlântica","0","0"
"2008","MAIO","1019","Mata Atlântica","0","0"
"2008","JUNHO","523","Mata Atlântica","0","0"
"2008","JULHO","2436","Mata Atlântica","0","0"
"2008","AGOSTO","3209","Mata Atlântica","0","0"
"2008","SETEMBRO","4094","Mata Atlântica","0","0"
"2008","OUTUBRO","3983","Mata Atlântica","0","0"
"2008","NOVEMBRO","2154","Mata Atlântica","0","0"
"2008","DEZEMBRO","930","Mata Atlântica","0","0"
"2009","JANEIRO","507","Mata Atlântica","0","0"
"2009","FEVEREIRO","333","Mata Atlântica","0","0"
"2009","MARÇO","619","Mata Atlântica","0","0"
"2009","ABRIL","660","Mata Atlântica","0","0"
"2009","MAIO","625","Mata Atlântica","0","0"
"2009","JUNHO","687","Mata Atlântica","0","0"
"2009","JULHO","723","Mata Atlântica","0","0"
"2009","AGOSTO","4198","Mata Atlântica","0","0"
"2009","SETEMBRO","1831","Mata Atlântica","0","0"
"2009","OUTUBRO","2317","Mata Atlântica","0","0"
"2009","NOVEMBRO","815","Mata Atlântica","0","0"
"2009","DEZEMBRO","626","Mata Atlântica","0","0"
"2010","JANEIRO","537","Mata Atlântica","0","0"
"2010","FEVEREIRO","657","Mata Atlântica","0","0"
"2010","MARÇO","390","Mata Atlântica","0","0"
"2010","ABRIL","387","Mata Atlântica","0","0"
"2010","MAIO","430","Mata Atlântica","0","0"
"2010","JUNHO","1099","Mata Atlântica","0","0"
"2010","JULHO","1718","Mata Atlântica","0","0"
"2010","AGOSTO","6473","Mata Atlântica","0","0"
"2010","SETEMBRO","5026","Mata Atlântica","0","0"
"2010","OUTUBRO","2562","Mata Atlântica","0","0"
"2010","NOVEMBRO","835","Mata Atlântica","0","0"
"2010","DEZEMBRO","496","Mata Atlântica","0","0"
"2011","JANEIRO","274","Mata Atlântica","0","0"
"2011","FEVEREIRO","363","Mata Atlântica","0","0"
"2011","MARÇO","323","Mata Atlântica","0","0"
"2011","ABRIL","254","Mata Atlântica","0","0"
"2011","MAIO","552","Mata Atlântica","0","0"
"2011","JUNHO","855","Mata Atlântica","0","0"
"2011","JULHO","1450","Mata Atlântica","0","0"
"2011","AGOSTO","3191","Mata Atlântica","0","0"
"2011","SETEMBRO","7050","Mata Atlântica","0","0"
"2011","OUTUBRO","1836","Mata Atlântica","0","0"
"2011","NOVEMBRO","618","Mata Atlântica","0","0"
"2011","DEZEMBRO","444","Mata Atlântica","0","0"
"2012","JANEIRO","317","Mata Atlântica","0","0"
"2012","FEVEREIRO","455","Mata Atlântica","0","0"
"2012","MARÇO","690","Mata Atlântica","0","0"
"2012","ABRIL","609","Mata Atlântica","0","0"
"2012","MAIO","687","Mata Atlântica","0","0"
"2012","JUNHO","500","Mata Atlântica","0","0"
"2012","JULHO","1052","Mata Atlântica","0","0"
"2012","AGOSTO","2810","Mata Atlântica","0","0"
"2012","SETEMBRO","3082","Mata Atlântica","0","0"
"2012","OUTUBRO","3077","Mata Atlântica","0","0"
"2012","NOVEMBRO","763","Mata Atlântica","0","0"
"2012","DEZEMBRO","660","Mata Atlântica","0","0"
"2013","JANEIRO","412","Mata Atlântica","0","0"
"2013","FEVEREIRO","430","Mata Atlântica","0","0"
"2013","MARÇO","549","Mata Atlântica","0","0"
"2013","ABRIL","488","Mata Atlântica","0","0"
"2013","MAIO","478","Mata Atlântica","0","0"
"2013","JUNHO","356","Mata Atlântica","0","0"
"2013","JULHO","1087","Mata Atlântica","0","0"
"2013","AGOSTO","2280","Mata Atlântica","0","0"
"2013","SETEMBRO","2839","Mata Atlântica","0","0"
"2013","OUTUBRO","1454","Mata Atlântica","0","0"
"2013","NOVEMBRO","509","Mata Atlântica","0","0"
"2013","DEZEMBRO","506","Mata Atlântica","0","0"
"2014","JANEIRO","423","Mata Atlântica","0","0"
"2014","FEVEREIRO","437","Mata Atlântica","0","0"
"2014","MARÇO","256","Mata Atlântica","0","0"
"2014","ABRIL","317","Mata Atlântica","0","0"
"2014","MAIO","445","Mata Atlântica","0","0"
"2014","JUNHO","487","Mata Atlântica","0","0"
"2014","JULHO","965","Mata Atlântica","0","0"
"2014","AGOSTO","3912","Mata Atlântica","0","0"
"2014","SETEMBRO","3493","Mata Atlântica","0","0"
"2014","OUTUBRO","4171","Mata Atlântica","0","0"
"2014","NOVEMBRO","432","Mata Atlântica","0","0"
"2014","DEZEMBRO","366","Mata Atlântica","0","0"
"2015","JANEIRO","642","Mata Atlântica","0","0"
"2015","FEVEREIRO","389","Mata Atlântica","0","0"
"2015","MARÇO","384","Mata Atlântica","0","0"
"2015","ABRIL","371","Mata Atlântica","0","0"
"2015","MAIO","349","Mata Atlântica","0","0"
"2015","JUNHO","539","Mata Atlântica","0","0"
"2015","JULHO","528","Mata Atlântica","0","0"
"2015","AGOSTO","2414","Mata Atlântica","0","0"
"2015","SETEMBRO","3219","Mata Atlântica","0","0"
"2015","OUTUBRO","2991","Mata Atlântica","0","0"
"2015","NOVEMBRO","1852","Mata Atlântica","0","0"
"2015","DEZEMBRO","1251","Mata Atlântica","0","0"
"2016","JANEIRO","579","Mata Atlântica","0","0"
"2016","FEVEREIRO","457","Mata Atlântica","0","0"
"2016","MARÇO","536","Mata Atlântica","0","0"
"2016","ABRIL","732","Mata Atlântica","0","0"
"2016","MAIO","437","Mata Atlântica","0","0"
"2016","JUNHO","901","Mata Atlântica","0","0"
"2016","JULHO","3155","Mata Atlântica","0","0"
"2016","AGOSTO","4165","Mata Atlântica","0","0"
"2016","SETEMBRO","4146","Mata Atlântica","0","0"
"2016","OUTUBRO","1210","Mata Atlântica","0","0"
"2016","NOVEMBRO","763","Mata Atlântica","0","0"
"2016","DEZEMBRO","439","Mata Atlântica","0","0"
"2017","JANEIRO","385","Mata Atlântica","0","0"
"2017","FEVEREIRO","309","Mata Atlântica","0","0"
"2017","MARÇO","330","Mata Atlântica","0","0"
"2017","ABRIL","261","Mata Atlântica","0","0"
"2017","MAIO","187","Mata Atlântica","0","0"
"2017","JUNHO","531","Mata Atlântica","0","0"
"2017","JULHO","2285","Mata Atlântica","0","0"
"2017","AGOSTO","3201","Mata Atlântica","0","0"
"2017","SETEMBRO","4939","Mata Atlântica","0","0"
"2017","OUTUBRO","2003","Mata Atlântica","0","0"
"2017","NOVEMBRO","818","Mata Atlântica","0","0"
"2017","DEZEMBRO","348","Mata Atlântica","0","0"
"2018","JANEIRO","209","Mata Atlântica","0","0"
"2018","FEVEREIRO","264","Mata Atlântica","0","0"
"2018","MARÇO","323","Mata Atlântica","0","0"
"2018","ABRIL","490","Mata Atlântica","0","0"
"2018","MAIO","699","Mata Atlântica","0","0"
"2018","JUNHO","613","Mata Atlântica","0","0"
"2018","JULHO","1813","Mata Atlântica","0","0"
"2018","AGOSTO","2338","Mata Atlântica","0","0"
"2018","SETEMBRO","2309","Mata Atlântica","0","0"
"2018","OUTUBRO","1243","Mata Atlântica","0","0"
"2018","NOVEMBRO","450","Mata Atlântica","0","0"
"2018","DEZEMBRO","547","Mata Atlântica","0","0"
"2019","JANEIRO","608","Mata Atlântica","0","0"
"2019","FEVEREIRO","607","Mata Atlântica","0","0"
"2019","MARÇO","661","Mata Atlântica","0","0"
"2019","ABRIL","276","Mata Atlântica","0","0"
"2019","MAIO","240","Mata Atlântica","0","0"
"2019","JUNHO","814","Mata Atlântica","0","0"
"2019","JULHO","1712","Mata Atlântica","0","0"
"2019","AGOSTO","4689","Mata Atlântica","0","0"
"2019","SETEMBRO","4333","Mata Atlântica","0","0"
"2019","OUTUBRO","2184","Mata Atlântica","0","0"
"2019","NOVEMBRO","1499","Mata Atlântica","0","0"
"2019","DEZEMBRO","554","Mata Atlântica","0","0"
"2020","JANEIRO","421","Mata Atlântica","0","0"
"2020","FEVEREIRO","454","Mata Atlântica","0","0"
"2020","MARÇO","549","Mata Atlântica","0","0"
"2020","ABRIL","1013","Mata Atlântica","0","0"
"2020","MAIO","1028","Mata Atlântica","0","0"
"2020","JUNHO","802","Mata Atlântica","0","0"
"2020","JULHO","1323","Mata Atlântica","0","0"
"2020","AGOSTO","4079","Mata Atlântica","0","0"
"2020","SETEMBRO","2584","Mata Atlântica","0","0"
"2020","OUTUBRO","0","Mata Atlântica","0","0"
"2020","NOVEMBRO","0","Mata Atlântica","0","0"
"2020","DEZEMBRO","0","Mata Atlântica","0","0"
"1998","JANEIRO","0","Pantanal","0","0"
"1998","FEVEREIRO","0","Pantanal","0","0"
"1998","MARÇO","0","Pantanal","0","0"
"1998","ABRIL","0","Pantanal","0","0"
"1998","MAIO","0","Pantanal","0","0"
"1998","JUNHO","12","Pantanal","0","0"
"1998","JULHO","206","Pantanal","0","0"
"1998","AGOSTO","172","Pantanal","0","0"
"1998","SETEMBRO","542","Pantanal","0","0"
"1998","OUTUBRO","507","Pantanal","0","0"
"1998","NOVEMBRO","162","Pantanal","0","0"
"1998","DEZEMBRO","58","Pantanal","0","0"
"1999","JANEIRO","161","Pantanal","0","0"
"1999","FEVEREIRO","10","Pantanal","0","0"
"1999","MARÇO","17","Pantanal","0","0"
"1999","ABRIL","29","Pantanal","0","0"
"1999","MAIO","106","Pantanal","0","0"
"1999","JUNHO","65","Pantanal","0","0"
"1999","JULHO","845","Pantanal","0","0"
"1999","AGOSTO","2988","Pantanal","0","0"
"1999","SETEMBRO","1922","Pantanal","0","0"
"1999","OUTUBRO","2049","Pantanal","0","0"
"1999","NOVEMBRO","743","Pantanal","0","0"
"1999","DEZEMBRO","52","Pantanal","0","0"
"2000","JANEIRO","93","Pantanal","0","0"
"2000","FEVEREIRO","30","Pantanal","0","0"
"2000","MARÇO","19","Pantanal","0","0"
"2000","ABRIL","1","Pantanal","0","0"
"2000","MAIO","8","Pantanal","0","0"
"2000","JUNHO","29","Pantanal","0","0"
"2000","JULHO","25","Pantanal","0","0"
"2000","AGOSTO","263","Pantanal","0","0"
"2000","SETEMBRO","503","Pantanal","0","0"
"2000","OUTUBRO","950","Pantanal","0","0"
"2000","NOVEMBRO","295","Pantanal","0","0"
"2000","DEZEMBRO","74","Pantanal","0","0"
"2001","JANEIRO","66","Pantanal","0","0"
"2001","FEVEREIRO","62","Pantanal","0","0"
"2001","MARÇO","11","Pantanal","0","0"
"2001","ABRIL","36","Pantanal","0","0"
"2001","MAIO","67","Pantanal","0","0"
"2001","JUNHO","219","Pantanal","0","0"
"2001","JULHO","444","Pantanal","0","0"
"2001","AGOSTO","2540","Pantanal","0","0"
"2001","SETEMBRO","2264","Pantanal","0","0"
"2001","OUTUBRO","879","Pantanal","0","0"
"2001","NOVEMBRO","175","Pantanal","0","0"
"2001","DEZEMBRO","19","Pantanal","0","0"
"2002","JANEIRO","137","Pantanal","0","0"
"2002","FEVEREIRO","28","Pantanal","0","0"
"2002","MARÇO","10","Pantanal","0","0"
"2002","ABRIL","24","Pantanal","0","0"
"2002","MAIO","29","Pantanal","0","0"
"2002","JUNHO","320","Pantanal","0","0"
"2002","JULHO","805","Pantanal","0","0"
"2002","AGOSTO","2934","Pantanal","0","0"
"2002","SETEMBRO","2662","Pantanal","0","0"
"2002","OUTUBRO","2761","Pantanal","0","0"
"2002","NOVEMBRO","2328","Pantanal","0","0"
"2002","DEZEMBRO","448","Pantanal","0","0"
"2003","JANEIRO","180","Pantanal","0","0"
"2003","FEVEREIRO","48","Pantanal","0","0"
"2003","MARÇO","36","Pantanal","0","0"
"2003","ABRIL","40","Pantanal","0","0"
"2003","MAIO","107","Pantanal","0","0"
"2003","JUNHO","170","Pantanal","0","0"
"2003","JULHO","260","Pantanal","0","0"
"2003","AGOSTO","517","Pantanal","0","0"
"2003","SETEMBRO","1188","Pantanal","0","0"
"2003","OUTUBRO","715","Pantanal","0","0"
"2003","NOVEMBRO","378","Pantanal","0","0"
"2003","DEZEMBRO","83","Pantanal","0","0"
"2004","JANEIRO","185","Pantanal","0","0"
"2004","FEVEREIRO","126","Pantanal","0","0"
"2004","MARÇO","141","Pantanal","0","0"
"2004","ABRIL","68","Pantanal","0","0"
"2004","MAIO","15","Pantanal","0","0"
"2004","JUNHO","240","Pantanal","0","0"
"2004","JULHO","384","Pantanal","0","0"
"2004","AGOSTO","1164","Pantanal","0","0"
"2004","SETEMBRO","3963","Pantanal","0","0"
"2004","OUTUBRO","1912","Pantanal","0","0"
"2004","NOVEMBRO","335","Pantanal","0","0"
"2004","DEZEMBRO","155","Pantanal","0","0"
"2005","JANEIRO","20","Pantanal","0","0"
"2005","FEVEREIRO","107","Pantanal","0","0"
"2005","MARÇO","100","Pantanal","0","0"
"2005","ABRIL","163","Pantanal","0","0"
"2005","MAIO","331","Pantanal","0","0"
"2005","JUNHO","435","Pantanal","0","0"
"2005","JULHO","1259","Pantanal","0","0"
"2005","AGOSTO","5993","Pantanal","0","0"
"2005","SETEMBRO","2997","Pantanal","0","0"
"2005","OUTUBRO","933","Pantanal","0","0"
"2005","NOVEMBRO","125","Pantanal","0","0"
"2005","DEZEMBRO","73","Pantanal","0","0"
"2006","JANEIRO","28","Pantanal","0","0"
"2006","FEVEREIRO","51","Pantanal","0","0"
"2006","MARÇO","36","Pantanal","0","0"
"2006","ABRIL","19","Pantanal","0","0"
"2006","MAIO","104","Pantanal","0","0"
"2006","JUNHO","101","Pantanal","0","0"
"2006","JULHO","375","Pantanal","0","0"
"2006","AGOSTO","892","Pantanal","0","0"
"2006","SETEMBRO","1024","Pantanal","0","0"
"2006","OUTUBRO","266","Pantanal","0","0"
"2006","NOVEMBRO","254","Pantanal","0","0"
"2006","DEZEMBRO","23","Pantanal","0","0"
"2007","JANEIRO","6","Pantanal","0","0"
"2007","FEVEREIRO","13","Pantanal","0","0"
"2007","MARÇO","30","Pantanal","0","0"
"2007","ABRIL","68","Pantanal","0","0"
"2007","MAIO","101","Pantanal","0","0"
"2007","JUNHO","239","Pantanal","0","0"
"2007","JULHO","341","Pantanal","0","0"
"2007","AGOSTO","1858","Pantanal","0","0"
"2007","SETEMBRO","5498","Pantanal","0","0"
"2007","OUTUBRO","1481","Pantanal","0","0"
"2007","NOVEMBRO","189","Pantanal","0","0"
"2007","DEZEMBRO","45","Pantanal","0","0"
"2008","JANEIRO","14","Pantanal","0","0"
"2008","FEVEREIRO","13","Pantanal","0","0"
"2008","MARÇO","20","Pantanal","0","0"
"2008","ABRIL","28","Pantanal","0","0"
"2008","MAIO","48","Pantanal","0","0"
"2008","JUNHO","44","Pantanal","0","0"
"2008","JULHO","216","Pantanal","0","0"
"2008","AGOSTO","588","Pantanal","0","0"
"2008","SETEMBRO","1660","Pantanal","0","0"
"2008","OUTUBRO","1046","Pantanal","0","0"
"2008","NOVEMBRO","274","Pantanal","0","0"
"2008","DEZEMBRO","594","Pantanal","0","0"
"2009","JANEIRO","380","Pantanal","0","0"
"2009","FEVEREIRO","117","Pantanal","0","0"
"2009","MARÇO","71","Pantanal","0","0"
"2009","ABRIL","525","Pantanal","0","0"
"2009","MAIO","815","Pantanal","0","0"
"2009","JUNHO","308","Pantanal","0","0"
"2009","JULHO","311","Pantanal","0","0"
"2009","AGOSTO","695","Pantanal","0","0"
"2009","SETEMBRO","1127","Pantanal","0","0"
"2009","OUTUBRO","919","Pantanal","0","0"
"2009","NOVEMBRO","414","Pantanal","0","0"
"2009","DEZEMBRO","55","Pantanal","0","0"
"2010","JANEIRO","31","Pantanal","0","0"
"2010","FEVEREIRO","47","Pantanal","0","0"
"2010","MARÇO","88","Pantanal","0","0"
"2010","ABRIL","87","Pantanal","0","0"
"2010","MAIO","67","Pantanal","0","0"
"2010","JUNHO","247","Pantanal","0","0"
"2010","JULHO","511","Pantanal","0","0"
"2010","AGOSTO","1548","Pantanal","0","0"
"2010","SETEMBRO","3072","Pantanal","0","0"
"2010","OUTUBRO","1142","Pantanal","0","0"
"2010","NOVEMBRO","385","Pantanal","0","0"
"2010","DEZEMBRO","795","Pantanal","0","0"
"2011","JANEIRO","145","Pantanal","0","0"
"2011","FEVEREIRO","22","Pantanal","0","0"
"2011","MARÇO","2","Pantanal","0","0"
"2011","ABRIL","2","Pantanal","0","0"
"2011","MAIO","20","Pantanal","0","0"
"2011","JUNHO","42","Pantanal","0","0"
"2011","JULHO","105","Pantanal","0","0"
"2011","AGOSTO","309","Pantanal","0","0"
"2011","SETEMBRO","807","Pantanal","0","0"
"2011","OUTUBRO","562","Pantanal","0","0"
"2011","NOVEMBRO","873","Pantanal","0","0"
"2011","DEZEMBRO","643","Pantanal","0","0"
"2012","JANEIRO","188","Pantanal","0","0"
"2012","FEVEREIRO","83","Pantanal","0","0"
"2012","MARÇO","97","Pantanal","0","0"
"2012","ABRIL","38","Pantanal","0","0"
"2012","MAIO","115","Pantanal","0","0"
"2012","JUNHO","109","Pantanal","0","0"
"2012","JULHO","490","Pantanal","0","0"
"2012","AGOSTO","2698","Pantanal","0","0"
"2012","SETEMBRO","2518","Pantanal","0","0"
"2012","OUTUBRO","832","Pantanal","0","0"
"2012","NOVEMBRO","157","Pantanal","0","0"
"2012","DEZEMBRO","122","Pantanal","0","0"
"2013","JANEIRO","108","Pantanal","0","0"
"2013","FEVEREIRO","55","Pantanal","0","0"
"2013","MARÇO","115","Pantanal","0","0"
"2013","ABRIL","51","Pantanal","0","0"
"2013","MAIO","47","Pantanal","0","0"
"2013","JUNHO","17","Pantanal","0","0"
"2013","JULHO","129","Pantanal","0","0"
"2013","AGOSTO","440","Pantanal","0","0"
"2013","SETEMBRO","1201","Pantanal","0","0"
"2013","OUTUBRO","544","Pantanal","0","0"
"2013","NOVEMBRO","513","Pantanal","0","0"
"2013","DEZEMBRO","176","Pantanal","0","0"
"2014","JANEIRO","103","Pantanal","0","0"
"2014","FEVEREIRO","64","Pantanal","0","0"
"2014","MARÇO","23","Pantanal","0","0"
"2014","ABRIL","55","Pantanal","0","0"
"2014","MAIO","16","Pantanal","0","0"
"2014","JUNHO","27","Pantanal","0","0"
"2014","JULHO","90","Pantanal","0","0"
"2014","AGOSTO","134","Pantanal","0","0"
"2014","SETEMBRO","375","Pantanal","0","0"
"2014","OUTUBRO","459","Pantanal","0","0"
"2014","NOVEMBRO","184","Pantanal","0","0"
"2014","DEZEMBRO","37","Pantanal","0","0"
"2015","JANEIRO","95","Pantanal","0","0"
"2015","FEVEREIRO","51","Pantanal","0","0"
"2015","MARÇO","28","Pantanal","0","0"
"2015","ABRIL","29","Pantanal","0","0"
"2015","MAIO","36","Pantanal","0","0"
"2015","JUNHO","218","Pantanal","0","0"
"2015","JULHO","225","Pantanal","0","0"
"2015","AGOSTO","1025","Pantanal","0","0"
"2015","SETEMBRO","1181","Pantanal","0","0"
"2015","OUTUBRO","794","Pantanal","0","0"
"2015","NOVEMBRO","282","Pantanal","0","0"
"2015","DEZEMBRO","494","Pantanal","0","0"
"2016","JANEIRO","37","Pantanal","0","0"
"2016","FEVEREIRO","29","Pantanal","0","0"
"2016","MARÇO","18","Pantanal","0","0"
"2016","ABRIL","34","Pantanal","0","0"
"2016","MAIO","59","Pantanal","0","0"
"2016","JUNHO","93","Pantanal","0","0"
"2016","JULHO","542","Pantanal","0","0"
"2016","AGOSTO","966","Pantanal","0","0"
"2016","SETEMBRO","2000","Pantanal","0","0"
"2016","OUTUBRO","1066","Pantanal","0","0"
"2016","NOVEMBRO","215","Pantanal","0","0"
"2016","DEZEMBRO","125","Pantanal","0","0"
"2017","JANEIRO","261","Pantanal","0","0"
"2017","FEVEREIRO","73","Pantanal","0","0"
"2017","MARÇO","68","Pantanal","0","0"
"2017","ABRIL","38","Pantanal","0","0"
"2017","MAIO","48","Pantanal","0","0"
"2017","JUNHO","93","Pantanal","0","0"
"2017","JULHO","610","Pantanal","0","0"
"2017","AGOSTO","1092","Pantanal","0","0"
"2017","SETEMBRO","2588","Pantanal","0","0"
"2017","OUTUBRO","669","Pantanal","0","0"
"2017","NOVEMBRO","214","Pantanal","0","0"
"2017","DEZEMBRO","19","Pantanal","0","0"
"2018","JANEIRO","23","Pantanal","0","0"
"2018","FEVEREIRO","8","Pantanal","0","0"
"2018","MARÇO","14","Pantanal","0","0"
"2018","ABRIL","19","Pantanal","0","0"
"2018","MAIO","28","Pantanal","0","0"
"2018","JUNHO","46","Pantanal","0","0"
"2018","JULHO","190","Pantanal","0","0"
"2018","AGOSTO","275","Pantanal","0","0"
"2018","SETEMBRO","785","Pantanal","0","0"
"2018","OUTUBRO","120","Pantanal","0","0"
"2018","NOVEMBRO","20","Pantanal","0","0"
"2018","DEZEMBRO","163","Pantanal","0","0"
"2019","JANEIRO","337","Pantanal","0","0"
"2019","FEVEREIRO","211","Pantanal","0","0"
"2019","MARÇO","93","Pantanal","0","0"
"2019","ABRIL","33","Pantanal","0","0"
"2019","MAIO","68","Pantanal","0","0"
"2019","JUNHO","239","Pantanal","0","0"
"2019","JULHO","494","Pantanal","0","0"
"2019","AGOSTO","1690","Pantanal","0","0"
"2019","SETEMBRO","2887","Pantanal","0","0"
"2019","OUTUBRO","2430","Pantanal","0","0"
"2019","NOVEMBRO","1296","Pantanal","0","0"
"2019","DEZEMBRO","247","Pantanal","0","0"
"2020","JANEIRO","265","Pantanal","0","0"
"2020","FEVEREIRO","164","Pantanal","0","0"
"2020","MARÇO","602","Pantanal","0","0"
"2020","ABRIL","784","Pantanal","0","0"
"2020","MAIO","313","Pantanal","0","0"
"2020","JUNHO","406","Pantanal","0","0"
"2020","JULHO","1684","Pantanal","0","0"
"2020","AGOSTO","5935","Pantanal","0","0"
"2020","SETEMBRO","5682","Pantanal","0","0"
"2020","OUTUBRO","0","Pantanal","0","0"
"2020","NOVEMBRO","0","Pantanal","0","0"
"2020","DEZEMBRO","0","Pantanal","0","0"
"1998","JANEIRO","0","Cerrado","0","0"
"1998","FEVEREIRO","0","Cerrado","0","0"
"1998","MARÇO","0","Cerrado","0","0"
"1998","ABRIL","0","Cerrado","0","0"
"1998","MAIO","0","Cerrado","0","0"
"1998","JUNHO","1653","Cerrado","0","0"
"1998","JULHO","3986","Cerrado","0","0"
"1998","AGOSTO","14146","Cerrado","0","0"
"1998","SETEMBRO","17843","Cerrado","0","0"
"1998","OUTUBRO","8535","Cerrado","0","0"
"1998","NOVEMBRO","1095","Cerrado","0","0"
"1998","DEZEMBRO","448","Cerrado","0","0"
"1999","JANEIRO","188","Cerrado","0","0"
"1999","FEVEREIRO","469","Cerrado","0","0"
"1999","MARÇO","82","Cerrado","0","0"
"1999","ABRIL","382","Cerrado","0","0"
"1999","MAIO","856","Cerrado","0","0"
"1999","JUNHO","1757","Cerrado","0","0"
"1999","JULHO","3465","Cerrado","0","0"
"1999","AGOSTO","11933","Cerrado","0","0"
"1999","SETEMBRO","14455","Cerrado","0","0"
"1999","OUTUBRO","8354","Cerrado","0","0"
"1999","NOVEMBRO","1434","Cerrado","0","0"
"1999","DEZEMBRO","475","Cerrado","0","0"
"2000","JANEIRO","266","Cerrado","0","0"
"2000","FEVEREIRO","89","Cerrado","0","0"
"2000","MARÇO","114","Cerrado","0","0"
"2000","ABRIL","253","Cerrado","0","0"
"2000","MAIO","914","Cerrado","0","0"
"2000","JUNHO","2556","Cerrado","0","0"
"2000","JULHO","2530","Cerrado","0","0"
"2000","AGOSTO","6995","Cerrado","0","0"
"2000","SETEMBRO","10117","Cerrado","0","0"
"2000","OUTUBRO","9038","Cerrado","0","0"
"2000","NOVEMBRO","1149","Cerrado","0","0"
"2000","DEZEMBRO","372","Cerrado","0","0"
"2001","JANEIRO","182","Cerrado","0","0"
"2001","FEVEREIRO","109","Cerrado","0","0"
"2001","MARÇO","69","Cerrado","0","0"
"2001","ABRIL","304","Cerrado","0","0"
"2001","MAIO","713","Cerrado","0","0"
"2001","JUNHO","3606","Cerrado","0","0"
"2001","JULHO","3242","Cerrado","0","0"
"2001","AGOSTO","9541","Cerrado","0","0"
"2001","SETEMBRO","16623","Cerrado","0","0"
"2001","OUTUBRO","7702","Cerrado","0","0"
"2001","NOVEMBRO","1834","Cerrado","0","0"
"2001","DEZEMBRO","609","Cerrado","0","0"
"2002","JANEIRO","368","Cerrado","0","0"
"2002","FEVEREIRO","355","Cerrado","0","0"
"2002","MARÇO","391","Cerrado","0","0"
"2002","ABRIL","777","Cerrado","0","0"
"2002","MAIO","1884","Cerrado","0","0"
"2002","JUNHO","4210","Cerrado","0","0"
"2002","JULHO","7462","Cerrado","0","0"
"2002","AGOSTO","17815","Cerrado","0","0"
"2002","SETEMBRO","30105","Cerrado","0","0"
"2002","OUTUBRO","16744","Cerrado","0","0"
"2002","NOVEMBRO","5273","Cerrado","0","0"
"2002","DEZEMBRO","1802","Cerrado","0","0"
"2003","JANEIRO","654","Cerrado","0","0"
"2003","FEVEREIRO","587","Cerrado","0","0"
"2003","MARÇO","472","Cerrado","0","0"
"2003","ABRIL","1052","Cerrado","0","0"
"2003","MAIO","2475","Cerrado","0","0"
"2003","JUNHO","7079","Cerrado","0","0"
"2003","JULHO","10477","Cerrado","0","0"
"2003","AGOSTO","10140","Cerrado","0","0"
"2003","SETEMBRO","29227","Cerrado","0","0"
"2003","OUTUBRO","15008","Cerrado","0","0"
"2003","NOVEMBRO","4763","Cerrado","0","0"
"2003","DEZEMBRO","2179","Cerrado","0","0"
"2004","JANEIRO","452","Cerrado","0","0"
"2004","FEVEREIRO","376","Cerrado","0","0"
"2004","MARÇO","773","Cerrado","0","0"
"2004","ABRIL","970","Cerrado","0","0"
"2004","MAIO","2975","Cerrado","0","0"
"2004","JUNHO","7047","Cerrado","0","0"
"2004","JULHO","8804","Cerrado","0","0"
"2004","AGOSTO","12473","Cerrado","0","0"
"2004","SETEMBRO","33509","Cerrado","0","0"
"2004","OUTUBRO","15148","Cerrado","0","0"
"2004","NOVEMBRO","8243","Cerrado","0","0"
"2004","DEZEMBRO","2792","Cerrado","0","0"
"2005","JANEIRO","587","Cerrado","0","0"
"2005","FEVEREIRO","869","Cerrado","0","0"
"2005","MARÇO","536","Cerrado","0","0"
"2005","ABRIL","1071","Cerrado","0","0"
"2005","MAIO","1968","Cerrado","0","0"
"2005","JUNHO","3383","Cerrado","0","0"
"2005","JULHO","7454","Cerrado","0","0"
"2005","AGOSTO","14627","Cerrado","0","0"
"2005","SETEMBRO","24521","Cerrado","0","0"
"2005","OUTUBRO","23550","Cerrado","0","0"
"2005","NOVEMBRO","5251","Cerrado","0","0"
"2005","DEZEMBRO","1930","Cerrado","0","0"
"2006","JANEIRO","1001","Cerrado","0","0"
"2006","FEVEREIRO","413","Cerrado","0","0"
"2006","MARÇO","498","Cerrado","0","0"
"2006","ABRIL","584","Cerrado","0","0"
"2006","MAIO","1650","Cerrado","0","0"
"2006","JUNHO","3415","Cerrado","0","0"
"2006","JULHO","6442","Cerrado","0","0"
"2006","AGOSTO","11705","Cerrado","0","0"
"2006","SETEMBRO","16566","Cerrado","0","0"
"2006","OUTUBRO","7524","Cerrado","0","0"
"2006","NOVEMBRO","5274","Cerrado","0","0"
"2006","DEZEMBRO","1808","Cerrado","0","0"
"2007","JANEIRO","755","Cerrado","0","0"
"2007","FEVEREIRO","402","Cerrado","0","0"
"2007","MARÇO","1118","Cerrado","0","0"
"2007","ABRIL","964","Cerrado","0","0"
"2007","MAIO","2924","Cerrado","0","0"
"2007","JUNHO","7051","Cerrado","0","0"
"2007","JULHO","10548","Cerrado","0","0"
"2007","AGOSTO","35678","Cerrado","0","0"
"2007","SETEMBRO","49980","Cerrado","0","0"
"2007","OUTUBRO","22008","Cerrado","0","0"
"2007","NOVEMBRO","4939","Cerrado","0","0"
"2007","DEZEMBRO","1551","Cerrado","0","0"
"2008","JANEIRO","421","Cerrado","0","0"
"2008","FEVEREIRO","321","Cerrado","0","0"
"2008","MARÇO","339","Cerrado","0","0"
"2008","ABRIL","590","Cerrado","0","0"
"2008","MAIO","1320","Cerrado","0","0"
"2008","JUNHO","2632","Cerrado","0","0"
"2008","JULHO","5229","Cerrado","0","0"
"2008","AGOSTO","8643","Cerrado","0","0"
"2008","SETEMBRO","15477","Cerrado","0","0"
"2008","OUTUBRO","17024","Cerrado","0","0"
"2008","NOVEMBRO","5486","Cerrado","0","0"
"2008","DEZEMBRO","1452","Cerrado","0","0"
"2009","JANEIRO","676","Cerrado","0","0"
"2009","FEVEREIRO","403","Cerrado","0","0"
"2009","MARÇO","461","Cerrado","0","0"
"2009","ABRIL","448","Cerrado","0","0"
"2009","MAIO","836","Cerrado","0","0"
"2009","JUNHO","1641","Cerrado","0","0"
"2009","JULHO","4224","Cerrado","0","0"
"2009","AGOSTO","6492","Cerrado","0","0"
"2009","SETEMBRO","9851","Cerrado","0","0"
"2009","OUTUBRO","5526","Cerrado","0","0"
"2009","NOVEMBRO","4195","Cerrado","0","0"
"2009","DEZEMBRO","1146","Cerrado","0","0"
"2010","JANEIRO","717","Cerrado","0","0"
"2010","FEVEREIRO","751","Cerrado","0","0"
"2010","MARÇO","883","Cerrado","0","0"
"2010","ABRIL","1438","Cerrado","0","0"
"2010","MAIO","2508","Cerrado","0","0"
"2010","JUNHO","6443","Cerrado","0","0"
"2010","JULHO","12359","Cerrado","0","0"
"2010","AGOSTO","35226","Cerrado","0","0"
"2010","SETEMBRO","52491","Cerrado","0","0"
"2010","OUTUBRO","14419","Cerrado","0","0"
"2010","NOVEMBRO","4623","Cerrado","0","0"
"2010","DEZEMBRO","1536","Cerrado","0","0"
"2011","JANEIRO","456","Cerrado","0","0"
"2011","FEVEREIRO","321","Cerrado","0","0"
"2011","MARÇO","308","Cerrado","0","0"
"2011","ABRIL","703","Cerrado","0","0"
"2011","MAIO","1376","Cerrado","0","0"
"2011","JUNHO","3378","Cerrado","0","0"
"2011","JULHO","5366","Cerrado","0","0"
"2011","AGOSTO","11387","Cerrado","0","0"
"2011","SETEMBRO","26468","Cerrado","0","0"
"2011","OUTUBRO","7656","Cerrado","0","0"
"2011","NOVEMBRO","2889","Cerrado","0","0"
"2011","DEZEMBRO","1374","Cerrado","0","0"
"2012","JANEIRO","421","Cerrado","0","0"
"2012","FEVEREIRO","478","Cerrado","0","0"
"2012","MARÇO","764","Cerrado","0","0"
"2012","ABRIL","1092","Cerrado","0","0"
"2012","MAIO","1896","Cerrado","0","0"
"2012","JUNHO","3817","Cerrado","0","0"
"2012","JULHO","9362","Cerrado","0","0"
"2012","AGOSTO","22737","Cerrado","0","0"
"2012","SETEMBRO","30053","Cerrado","0","0"
"2012","OUTUBRO","16515","Cerrado","0","0"
"2012","NOVEMBRO","1830","Cerrado","0","0"
"2012","DEZEMBRO","1635","Cerrado","0","0"
"2013","JANEIRO","475","Cerrado","0","0"
"2013","FEVEREIRO","604","Cerrado","0","0"
"2013","MARÇO","613","Cerrado","0","0"
"2013","ABRIL","706","Cerrado","0","0"
"2013","MAIO","1418","Cerrado","0","0"
"2013","JUNHO","2684","Cerrado","0","0"
"2013","JULHO","4761","Cerrado","0","0"
"2013","AGOSTO","8496","Cerrado","0","0"
"2013","SETEMBRO","12615","Cerrado","0","0"
"2013","OUTUBRO","7696","Cerrado","0","0"
"2013","NOVEMBRO","2370","Cerrado","0","0"
"2013","DEZEMBRO","1579","Cerrado","0","0"
"2014","JANEIRO","567","Cerrado","0","0"
"2014","FEVEREIRO","315","Cerrado","0","0"
"2014","MARÇO","497","Cerrado","0","0"
"2014","ABRIL","897","Cerrado","0","0"
"2014","MAIO","1673","Cerrado","0","0"
"2014","JUNHO","3849","Cerrado","0","0"
"2014","JULHO","6220","Cerrado","0","0"
"2014","AGOSTO","15525","Cerrado","0","0"
"2014","SETEMBRO","15523","Cerrado","0","0"
"2014","OUTUBRO","16357","Cerrado","0","0"
"2014","NOVEMBRO","3085","Cerrado","0","0"
"2014","DEZEMBRO","1363","Cerrado","0","0"
"2015","JANEIRO","1096","Cerrado","0","0"
"2015","FEVEREIRO","383","Cerrado","0","0"
"2015","MARÇO","528","Cerrado","0","0"
"2015","ABRIL","634","Cerrado","0","0"
"2015","MAIO","1174","Cerrado","0","0"
"2015","JUNHO","3313","Cerrado","0","0"
"2015","JULHO","4662","Cerrado","0","0"
"2015","AGOSTO","12684","Cerrado","0","0"
"2015","SETEMBRO","23795","Cerrado","0","0"
"2015","OUTUBRO","19531","Cerrado","0","0"
"2015","NOVEMBRO","4731","Cerrado","0","0"
"2015","DEZEMBRO","2563","Cerrado","0","0"
"2016","JANEIRO","392","Cerrado","0","0"
"2016","FEVEREIRO","1048","Cerrado","0","0"
"2016","MARÇO","767","Cerrado","0","0"
"2016","ABRIL","1449","Cerrado","0","0"
"2016","MAIO","1782","Cerrado","0","0"
"2016","JUNHO","3187","Cerrado","0","0"
"2016","JULHO","8675","Cerrado","0","0"
"2016","AGOSTO","13730","Cerrado","0","0"
"2016","SETEMBRO","13256","Cerrado","0","0"
"2016","OUTUBRO","9968","Cerrado","0","0"
"2016","NOVEMBRO","3647","Cerrado","0","0"
"2016","DEZEMBRO","932","Cerrado","0","0"
"2017","JANEIRO","491","Cerrado","0","0"
"2017","FEVEREIRO","376","Cerrado","0","0"
"2017","MARÇO","687","Cerrado","0","0"
"2017","ABRIL","696","Cerrado","0","0"
"2017","MAIO","1428","Cerrado","0","0"
"2017","JUNHO","2858","Cerrado","0","0"
"2017","JULHO","6258","Cerrado","0","0"
"2017","AGOSTO","10815","Cerrado","0","0"
"2017","SETEMBRO","26975","Cerrado","0","0"
"2017","OUTUBRO","12393","Cerrado","0","0"
"2017","NOVEMBRO","2345","Cerrado","0","0"
"2017","DEZEMBRO","1440","Cerrado","0","0"
"2018","JANEIRO","521","Cerrado","0","0"
"2018","FEVEREIRO","235","Cerrado","0","0"
"2018","MARÇO","842","Cerrado","0","0"
"2018","ABRIL","549","Cerrado","0","0"
"2018","MAIO","1729","Cerrado","0","0"
"2018","JUNHO","2922","Cerrado","0","0"
"2018","JULHO","5220","Cerrado","0","0"
"2018","AGOSTO","7992","Cerrado","0","0"
"2018","SETEMBRO","11467","Cerrado","0","0"
"2018","OUTUBRO","5041","Cerrado","0","0"
"2018","NOVEMBRO","1763","Cerrado","0","0"
"2018","DEZEMBRO","1168","Cerrado","0","0"
"2019","JANEIRO","1213","Cerrado","0","0"
"2019","FEVEREIRO","574","Cerrado","0","0"
"2019","MARÇO","936","Cerrado","0","0"
"2019","ABRIL","753","Cerrado","0","0"
"2019","MAIO","1719","Cerrado","0","0"
"2019","JUNHO","4088","Cerrado","0","0"
"2019","JULHO","5346","Cerrado","0","0"
"2019","AGOSTO","12906","Cerrado","0","0"
"2019","SETEMBRO","22989","Cerrado","0","0"
"2019","OUTUBRO","8356","Cerrado","0","0"
"2019","NOVEMBRO","3251","Cerrado","0","0"
"2019","DEZEMBRO","1743","Cerrado","0","0"
"2020","JANEIRO","662","Cerrado","0","0"
"2020","FEVEREIRO","709","Cerrado","0","0"
"2020","MARÇO","890","Cerrado","0","0"
"2020","ABRIL","1158","Cerrado","0","0"
"2020","MAIO","1481","Cerrado","0","0"
"2020","JUNHO","3487","Cerrado","0","0"
"2020","JULHO","5663","Cerrado","0","0"
"2020","AGOSTO","10155","Cerrado","0","0"
"2020","SETEMBRO","16109","Cerrado","0","0"
"2020","OUTUBRO","0","Cerrado","0","0"
"2020","NOVEMBRO","0","Cerrado","0","0"
"2020","DEZEMBRO","0","Cerrado","0","0"
